Time,Boom Cmd,Stick Cmd,Bucket Cmd,Swing Cmd,Boom Ctrl,Stick Ctrl,Bucket Ctrl,Swing Ctrl,Boom Blended,Stick Blended,Bucket Blended,Swing Blended,Boom Ms,Stick Ms,Bucket Ms,Swing Ms,SG0,SG1,SG2,SG3,SG4,SG5,Class,Confidence,
0.0442860126495,0.0,0.0,-0.0,-0.0,-1.0,-1.0,-1.0,0.0,0.0,0.0,0.0,0.0,7.0,5.0,4.0,0.0,0.0,0.0,0.0,0.0,0.0,0.0,-1,0
0.0683329105377,0.0,0.0,-0.0,-0.0,-1.0,-1.0,-1.0,0.0,0.0,0.0,0.0,0.0,7.0,5.0,4.0,0.0,0.0,0.0,0.0,0.0,0.0,0.0,-1,0
0.0897390842438,0.0,0.0,-0.0,-0.0,-1.0,-1.0,-1.0,0.0,0.0,0.0,0.0,0.0,7.0,5.0,4.0,0.0,0.0,0.0,0.0,0.0,0.0,0.0,-1,0
0.105494022369,0.0,0.0,-0.0,-0.0,-1.0,-1.0,-1.0,0.0,0.0,0.0,0.0,0.0,7.0,5.0,4.0,0.0,0.0,0.0,0.0,0.0,0.0,0.0,-1,0
0.118099927902,0.0,0.0,-0.0,-0.0,-1.0,-1.0,-1.0,0.0,0.0,0.0,0.0,0.0,7.0,5.0,4.0,0.0,0.0,0.0,0.0,0.0,0.0,0.0,-1,0
0.131535053253,0.0,0.0,-0.0,-0.0,-1.0,-1.0,-1.0,0.0,0.0,0.0,0.0,0.0,7.0,5.0,4.0,0.0,0.0,0.0,0.0,0.0,0.0,0.0,-1,0
0.151753902435,0.0,0.0,-0.0,-0.0,-1.0,-1.0,-1.0,0.0,0.0,0.0,0.0,0.0,7.0,5.0,4.0,0.0,0.0,0.0,0.0,0.0,0.0,0.0,-1,0
0.167376995087,0.0,0.0,-0.0,-0.0,-1.0,-1.0,-1.0,0.0,0.0,0.0,0.0,0.0,7.0,5.0,4.0,0.0,0.0,0.0,0.0,0.0,0.0,0.0,-1,0
0.183630943298,0.0,0.0,-0.0,-0.0,-1.0,-1.0,-1.0,0.0,0.0,0.0,0.0,0.0,7.0,5.0,4.0,0.0,0.0,0.0,0.0,0.0,0.0,0.0,-1,0
0.201299905777,0.0,0.0,-0.0,-0.0,-1.0,-1.0,-1.0,0.0,0.0,0.0,0.0,0.0,7.0,5.0,4.0,0.0,0.0,0.0,0.0,0.0,0.0,0.0,-1,0
0.215134859085,0.0,0.0,-0.0,-0.0,-1.0,-1.0,-1.0,0.0,0.0,0.0,0.0,0.0,7.0,5.0,4.0,0.0,0.0,0.0,0.0,0.0,0.0,0.0,-1,0
0.227155923843,0.0,0.0,-0.0,-0.0,-1.0,-1.0,-1.0,0.0,0.0,0.0,0.0,0.0,7.0,5.0,4.0,0.0,0.0,0.0,0.0,0.0,0.0,0.0,-1,0
0.240628957748,0.0,0.0,-0.0,-0.0,-1.0,-1.0,-1.0,0.0,0.0,0.0,0.0,0.0,7.0,5.0,4.0,0.0,0.0,0.0,0.0,0.0,0.0,0.0,-1,0
0.252295970917,0.0,0.0,-0.0,-0.0,-1.0,-1.0,-1.0,0.0,0.0,0.0,0.0,0.0,7.0,5.0,4.0,0.0,0.0,0.0,0.0,0.0,0.0,0.0,-1,0
0.267785072327,0.0,0.0,-0.0,-0.0,-1.0,-1.0,-1.0,0.0,0.0,0.0,0.0,0.0,7.0,5.0,4.0,0.0,0.0,0.0,0.0,0.0,0.0,0.0,-1,0
0.280848026276,0.0,0.0,-0.0,-0.0,-1.0,-1.0,-1.0,0.0,0.0,0.0,0.0,0.0,7.0,5.0,4.0,0.0,0.0,0.0,0.0,0.0,0.0,0.0,-1,0
0.29437494278,0.0,0.0,-0.0,-0.0,-1.0,-1.0,-1.0,0.0,0.0,0.0,0.0,0.0,7.0,5.0,4.0,0.0,0.0,0.0,0.0,0.0,0.0,0.0,-1,0
0.306061029434,0.0,0.0,-0.0,-0.0,-1.0,-1.0,-1.0,0.0,0.0,0.0,0.0,0.0,7.0,5.0,4.0,0.0,0.0,0.0,0.0,0.0,0.0,0.0,-1,0
0.322829961777,0.0,0.0,-0.0,-0.0,-1.0,-1.0,-1.0,0.0,0.0,0.0,0.0,0.0,7.0,5.0,4.0,0.0,0.0,0.0,0.0,0.0,0.0,0.0,-1,0
0.339160919189,0.0,0.0,-0.0,-0.0,-1.0,-1.0,-1.0,0.0,0.0,0.0,0.0,0.0,7.0,5.0,4.0,0.0,0.0,0.0,0.0,0.0,0.0,0.0,-1,0
0.354683876038,0.0,0.0,-0.0,-0.0,-1.0,-1.0,-1.0,0.0,0.0,0.0,0.0,0.0,7.0,5.0,4.0,0.0,0.0,0.0,0.0,0.0,0.0,0.0,-1,0
0.372087955475,0.0,0.0,-0.0,-0.0,-1.0,-1.0,-1.0,0.0,0.0,0.0,0.0,0.0,7.0,5.0,4.0,0.0,0.0,0.0,0.0,0.0,0.0,0.0,-1,0
0.38763999939,0.0,0.0,-0.0,-0.0,-1.0,-1.0,-1.0,0.0,0.0,0.0,0.0,0.0,7.0,5.0,4.0,0.0,0.0,0.0,0.0,0.0,0.0,0.0,-1,0
0.405158996582,0.0,0.0,-0.0,-0.0,-1.0,-1.0,-1.0,0.0,0.0,0.0,0.0,0.0,7.0,5.0,4.0,0.0,0.0,0.0,0.0,0.0,0.0,0.0,-1,0
0.420693874359,0.0,0.0,-0.0,-0.0,-1.0,-1.0,-1.0,0.0,0.0,0.0,0.0,0.0,7.0,5.0,4.0,0.0,0.0,0.0,0.0,0.0,0.0,0.0,-1,0
0.438673973083,0.0,0.0,-0.0,-0.0,-1.0,-1.0,-1.0,0.0,0.0,0.0,0.0,0.0,7.0,5.0,4.0,0.0,0.0,0.0,0.0,0.0,0.0,0.0,-1,0
0.453940868378,0.0,0.0,-0.0,-0.0,-1.0,-1.0,-1.0,0.0,0.0,0.0,0.0,0.0,7.0,5.0,4.0,0.0,0.0,0.0,0.0,0.0,0.0,0.0,-1,0
0.4701628685,0.0,0.0,-0.0,-0.0,-1.0,-1.0,-1.0,0.0,0.0,0.0,0.0,0.0,7.0,5.0,4.0,0.0,0.0,0.0,0.0,0.0,0.0,0.0,-1,0
0.487210988998,0.0,0.0,-0.0,-0.0,-1.0,-1.0,-1.0,0.0,0.0,0.0,0.0,0.0,7.0,5.0,4.0,0.0,0.0,0.0,0.0,0.0,0.0,0.0,-1,0
0.503129959106,0.0,0.0,-0.0,-0.0,-1.0,-1.0,-1.0,0.0,0.0,0.0,0.0,0.0,7.0,5.0,4.0,0.0,0.0,0.0,0.0,0.0,0.0,0.0,-1,0
0.519005060196,0.0,0.0,-0.0,-0.0,-1.0,-1.0,-1.0,0.0,0.0,0.0,0.0,0.0,7.0,5.0,4.0,0.0,0.0,0.0,0.0,0.0,0.0,0.0,-1,0
0.535685062408,0.0,0.0,-0.0,-0.0,-1.0,-1.0,-1.0,0.0,0.0,0.0,0.0,0.0,7.0,5.0,4.0,0.0,0.0,0.0,0.0,0.0,0.0,0.0,-1,0
0.5519490242,0.0,0.0,-0.0,-0.0,-1.0,-1.0,-1.0,0.0,0.0,0.0,0.0,0.0,7.0,5.0,4.0,0.0,0.0,0.0,0.0,0.0,0.0,0.0,-1,0
0.568933010101,0.0,0.0,-0.0,-0.0,-1.0,-1.0,-1.0,0.0,0.0,0.0,0.0,0.0,7.0,5.0,4.0,0.0,0.0,0.0,0.0,0.0,0.0,0.0,-1,0
0.585211992264,0.0,0.0,-0.0,-0.0,-1.0,-1.0,-1.0,0.0,0.0,0.0,0.0,0.0,7.0,5.0,4.0,0.0,0.0,0.0,0.0,0.0,0.0,0.0,-1,0
0.601408958435,0.0,0.0,-0.0,-0.0,-1.0,-1.0,-1.0,0.0,0.0,0.0,0.0,0.0,7.0,5.0,4.0,0.0,0.0,0.0,0.0,0.0,0.0,0.0,-1,0
0.618677854538,0.0,0.0,-0.0,-0.0,-1.0,-1.0,-1.0,0.0,0.0,0.0,0.0,0.0,7.0,5.0,4.0,0.0,0.0,0.0,0.0,0.0,0.0,0.0,-1,0
0.634651899338,0.0,0.0,-0.0,-0.0,-1.0,-1.0,-1.0,0.0,0.0,0.0,0.0,0.0,7.0,5.0,4.0,0.0,0.0,0.0,0.0,0.0,0.0,0.0,-1,0
0.651857852936,0.0,0.0,-0.0,-0.0,-1.0,-1.0,-1.0,0.0,0.0,0.0,0.0,0.0,7.0,5.0,4.0,0.0,0.0,0.0,0.0,0.0,0.0,0.0,-1,0
0.667044878006,0.0,0.0,-0.0,-0.0,-1.0,-1.0,-1.0,0.0,0.0,0.0,0.0,0.0,7.0,5.0,4.0,0.0,0.0,0.0,0.0,0.0,0.0,0.0,-1,0
0.683547019958,0.0,0.0,-0.0,-0.0,-1.0,-1.0,-1.0,0.0,0.0,0.0,0.0,0.0,7.0,5.0,4.0,0.0,0.0,0.0,0.0,0.0,0.0,0.0,-1,0
0.700294971466,0.0,0.0,-0.0,-0.0,-1.0,-1.0,-1.0,0.0,0.0,0.0,0.0,0.0,7.0,5.0,4.0,0.0,0.0,0.0,0.0,0.0,0.0,0.0,-1,0
0.71652007103,0.0,0.0,-0.0,-0.0,-1.0,-1.0,-1.0,0.0,0.0,0.0,0.0,0.0,7.0,5.0,4.0,0.0,0.0,0.0,0.0,0.0,0.0,0.0,-1,0
0.733594894409,0.0,0.0,-0.0,-0.0,-1.0,-1.0,-1.0,0.0,0.0,0.0,0.0,0.0,7.0,5.0,4.0,0.0,0.0,0.0,0.0,0.0,0.0,0.0,-1,0
0.749866008759,0.0,0.0,-0.0,-0.0,-1.0,-1.0,-1.0,0.0,0.0,0.0,0.0,0.0,7.0,5.0,4.0,0.0,0.0,0.0,0.0,0.0,0.0,0.0,-1,0
0.766579866409,0.0,0.0,-0.0,-0.0,-1.0,-1.0,-1.0,0.0,0.0,0.0,0.0,0.0,7.0,5.0,4.0,0.0,0.0,0.0,0.0,0.0,0.0,0.0,-1,0
0.782675027847,0.0,0.0,-0.0,-0.0,-1.0,-1.0,-1.0,0.0,0.0,0.0,0.0,0.0,7.0,5.0,4.0,0.0,0.0,0.0,0.0,0.0,0.0,0.0,-1,0
0.799392938614,0.0,0.0,-0.0,-0.0,-1.0,-1.0,-1.0,0.0,0.0,0.0,0.0,0.0,7.0,5.0,4.0,0.0,0.0,0.0,0.0,0.0,0.0,0.0,-1,0
0.815291881561,0.0,0.0,-0.0,-0.0,-1.0,-1.0,-1.0,0.0,0.0,0.0,0.0,0.0,7.0,5.0,4.0,0.0,0.0,0.0,0.0,0.0,0.0,0.0,-1,0
0.832273006439,0.0,0.0,-0.0,-0.0,-1.0,-1.0,-1.0,0.0,0.0,0.0,0.0,0.0,7.0,5.0,4.0,0.0,0.0,0.0,0.0,0.0,0.0,0.0,-1,0
0.87913107872,0.303253173828,0.0,-0.0,-0.0,0.969120698925,0.675968555255,-0.0390348566218,1.0,0.612665382497,0.314105908141,-0.0181385346892,0.464675325056,7.05731000586,5.02938212596,3.99830328339,0.0217333526294,0.135324674944,0.0,0.864675325056,0.0,0.0,0.0,2,0.464675325056
0.918912887573,0.410461425781,0.0,-0.0,-0.0,0.994181574196,0.671205188429,-0.0407170916826,1.0,0.681993527463,0.312227967407,-0.0189405788185,0.465175139867,7.11160082095,5.05423736308,3.99679549861,0.0402487317961,0.134824860133,0.0,0.865175139867,0.0,0.0,0.0,2,0.465175139867
0.959972858429,0.513366699219,0.0,-0.0,-0.0,1.0,0.670746631138,-0.0424374800908,1.0,0.739974531609,0.312342866633,-0.0197616261773,0.465664458281,7.17233184877,5.07987189848,3.99517362675,0.0593576875527,0.134335541719,0.0,0.865664458281,0.0,0.0,0.0,2,0.465664458281
0.997766971588,0.624938964844,0.0,-0.0,-0.0,1.0,0.666555672898,-0.0438815942362,1.0,0.799803542057,0.310768021749,-0.0204589005636,0.466229655503,7.23274906093,5.10334733528,3.99362816006,0.0769671969719,0.133770344497,0.0,0.866229655503,0.0,0.0,0.0,2,0.466229655503
1.03992486,0.714904785156,0.0,-0.0,-0.0,1.0,0.663255818873,-0.0452475668771,1.0,0.847990118291,0.309614532312,-0.0211220223906,0.4668101259,7.30416511409,5.12942245976,3.99184930504,0.096624110447,0.1331898741,0.0,0.8668101259,0.0,0.0,0.0,2,0.4668101259
1.0827319622,0.836853027344,0.0,-0.0,-0.0,0.976853703112,0.65344892087,-0.0462022656966,1.0,0.902305992198,0.305499734319,-0.0216004333996,0.467518920856,7.38128667809,5.15553402005,3.99000308079,0.11660391258,0.132481079144,0.0,0.867518920856,0.0,0.0,0.0,2,0.467518920856
1.1254119873,0.917785644531,0.0,-0.0,-0.0,0.899732139113,0.640976213138,-0.0469049728513,1.0,0.909330992228,0.300176109358,-0.0219661072774,0.468310840879,7.4589163229,5.18116007365,3.98812783281,0.136593775758,0.131689159121,0.0,0.868310840879,0.0,0.0,0.0,2,0.468310840879
1.16393494606,0.973693847656,0.0,-0.0,-0.0,0.822102494308,0.626669160074,-0.0473911314823,1.0,0.902577114846,0.293992119159,-0.0222328144761,0.469134493748,7.52843640725,5.20380451764,3.98641537289,0.154661079394,0.130865506252,0.0,0.869134493748,0.0,0.0,0.0,2,0.469134493748
1.20541596413,0.995422363281,0.0,-0.0,-0.0,0.752582409956,0.61457007703,-0.0478688321759,1.0,0.881313432903,0.288782521871,-0.0224932560035,0.469893560822,7.60150447665,5.2277469433,3.98455049856,0.174140083137,0.130106439178,0.0,0.869893560822,0.0,0.0,0.0,2,0.469893560822
1.24348402023,0.996398925781,0.0,-0.0,-0.0,0.679514340549,0.598129778912,-0.0480076310393,1.0,0.847237529067,0.281546901922,-0.0225977710261,0.47071206258,7.66597066079,5.24916980737,3.98283103735,0.192048290374,0.12928793742,0.0,0.87071206258,0.0,0.0,0.0,2,0.47071206258
1.28802895546,0.991516113281,0.0,-0.0,-0.0,0.615048156416,0.58332653677,-0.0481198968925,1.0,0.814029965798,0.275009805876,-0.0226861674705,0.471450874494,7.73844862294,5.27365557711,3.98081115202,0.213036337542,0.128549125506,0.0,0.871450874494,0.0,0.0,0.0,2,0.471450874494
1.32593989372,0.989562988281,0.0,-0.0,-0.0,0.542570194268,0.561480359159,-0.0477297500925,1.0,0.778448702734,0.26518665728,-0.0225427170753,0.472299080376,7.79743605861,5.29375026136,3.97910296358,0.230930716147,0.127700919624,0.0,0.872299080376,0.0,0.0,0.0,2,0.472299080376
1.36978793144,0.988952636719,0.0,-0.0,-0.0,0.483582758594,0.544211341349,-0.0474804813424,1.0,0.74991149838,0.257413241596,-0.0224583791006,0.473002346768,7.86315994676,5.31631052232,3.97713466199,0.251658197592,0.126997653232,0.0,0.873002346768,0.0,0.0,0.0,2,0.473002346768
1.4074048996,0.988586425781,0.0,-0.0,-0.0,0.41785887044,0.52098793238,-0.0467742692788,1.0,0.71817641594,0.246843438001,-0.0221615909336,0.473798763194,7.91711207881,5.33485433616,3.97546979936,0.269454976258,0.126201236806,0.0,0.873798763194,0.0,0.0,0.0,2,0.473798763194
1.45040893555,0.992248535156,0.0,-0.0,-0.0,0.360297412233,0.501934812707,-0.0462050099084,1.0,0.69241170982,0.238149020246,-0.0219225237253,0.474462050085,7.97666078275,5.35533559796,3.97358442125,0.289857288749,0.125537949915,0.0,0.874462050085,0.0,0.0,0.0,2,0.474462050085
1.49064087868,0.999969482422,0.0,-0.0,-0.0,0.291184511735,0.477927394917,-0.0452266972615,1.0,0.663152394996,0.227112763129,-0.0214918841052,0.475203483927,8.02999024493,5.3735995771,3.97185608456,0.308964771745,0.124796516073,0.0,0.875203483927,0.0,0.0,0.0,2,0.475203483927
1.52975702286,0.999969482422,0.0,-0.0,-0.0,0.222957906785,0.455419503195,-0.0442325923486,1.0,0.630208867036,0.216722891962,-0.0210491980812,0.475875298361,8.07925386083,5.39054087048,3.97021066244,0.327564429051,0.124124701639,0.0,0.875875298361,0.0,0.0,0.0,2,0.475875298361
1.56804895401,0.999969482422,0.0,-0.0,-0.0,0.153870786519,0.43320151078,-0.0431568598028,1.0,0.596801719682,0.206421407766,-0.0205643321492,0.476502049574,8.12493533707,5.40634115108,3.96863659015,0.345801069744,0.123497950426,0.0,0.876502049574,0.0,0.0,0.0,2,0.476502049574
1.60914707184,0.999969482422,0.0,-0.0,-0.0,0.0837976582975,0.411115009476,-0.0419950698553,1.0,0.562874718449,0.196138118747,-0.0200353521721,0.477088197283,8.17117414331,5.42245342647,3.96699073409,0.365396894528,0.122911802717,0.0,0.877088197283,0.0,0.0,0.0,2,0.477088197283
1.6470990181,0.999969482422,0.0,-0.0,-0.0,0.00854331944091,0.386949288457,-0.0405969105318,1.0,0.526379005198,0.184840288692,-0.0193925790447,0.477686079819,8.21110325904,5.43647471,3.96551968656,0.383514622034,0.122313920181,0.0,0.877686079819,0.0,0.0,0.0,2,0.477686079819
1.69754600525,0.999969482422,0.0,-0.0,-0.0,-0.0643942404697,0.36451792686,-0.0392264549918,1.0,0.490984498238,0.174314613742,-0.0187583211868,0.478205873835,8.26060528432,5.45404945309,3.96362843563,0.40762145162,0.121794126165,0.0,0.878205873835,0.0,0.0,0.0,2,0.478205873835
1.73748803139,0.999969482422,0.0,-0.0,-0.0,-0.151854912463,0.334998901624,-0.0372466709524,1.0,0.448413173964,0.160415735539,-0.0178357364405,0.478854511944,8.29634466649,5.46683489208,3.96220689354,0.426704258948,0.121145488056,0.0,0.878854511944,0.0,0.0,0.0,2,0.478854511944
1.77970004082,0.999969482422,0.0,-0.0,-0.0,-0.229126879558,0.311385288635,-0.0355944415447,1.0,0.410832192512,0.149254924788,-0.0170613252762,0.479325550164,8.33105600137,5.47944548533,3.96076537706,0.446953438528,0.120674449836,0.0,0.879325550164,0.0,0.0,0.0,2,0.479325550164
1.81886291504,0.999969482422,0.0,0.321350097656,-0.0,-0.30884193285,0.286772884921,-0.0337780861022,1.0,0.476791508143,0.11463321244,0.179392867134,0.399735185814,8.36830010885,5.48839994784,3.97477847736,0.462565902225,0.200264814186,0.0,0.799735185814,0.0,0.0,0.0,2,0.399735185814
1.86052298546,0.982971191406,0.0,0.486541748047,-0.0,-0.394814169494,0.266749231074,-0.0488176574647,1.0,0.433014311843,0.106475637578,0.272847658637,0.399160054367,8.40440659025,5.49727831635,3.99752961663,0.479207690599,0.200839945633,0.0,0.799160054367,0.0,0.0,0.0,2,0.399160054367
1.90093398094,0.921081542969,0.0,0.641571044922,-0.0,-0.483259428207,0.245951881385,-0.0748703817245,1.0,0.362861811935,0.0977648561795,0.356788539325,0.397495866383,8.4337222116,5.50517674327,4.02635457802,0.495264544644,0.202504133617,0.0,0.797495866383,0.0,0.0,0.0,2,0.397495866383
1.94182085991,0.813049316406,0.0,0.774993896484,-0.0,-0.567845388991,0.225834601377,-0.109879424245,1.0,0.267831227323,0.0891661828599,0.42561972688,0.394829589072,8.45560985695,5.51246356269,4.06113698084,0.511397633581,0.205170410928,0.0,0.794829589072,0.0,0.0,0.0,2,0.394829589072
1.98201298714,0.699768066406,0.0,0.823333740234,-0.0,-0.647192138321,0.205906050684,-0.154324148485,1.0,0.173013865087,0.0805234459741,0.441002177262,0.39106886712,8.46948560273,5.51892155878,4.09650544159,0.527079533343,0.20893113288,0.0,0.79106886712,0.0,0.0,0.0,2,0.39106886712
2.02397108078,0.584167480469,0.0,0.823455810547,-0.0,-0.719914562645,0.186574935367,-0.202891776723,1.0,0.0797361307567,0.0721689612756,0.42645479251,0.38680952044,8.47618120328,5.52498172916,4.13231569372,0.543320113465,0.21319047956,0.0,0.78680952044,0.0,0.0,0.0,2,0.38680952044
2.06409502029,0.453918457031,0.0,0.775970458984,-0.0,-0.78612640181,0.167234541595,-0.255482221552,1.0,-0.0198562072046,0.0638940504676,0.381891048137,0.382062520447,8.47459111757,5.53009836679,4.16289754121,0.558617902964,0.217937479553,0.0,0.782062520447,0.0,0.0,0.0,2,0.382062520447
2.12263798714,0.307891845703,0.0,0.690399169922,0.363250732422,-0.843893546131,0.148797783177,-0.305902446491,1.0,-0.0621860341761,0.0478099205976,0.370279473547,0.567843376703,8.46730677556,5.53569872091,4.20627130446,0.591875895839,0.27869198333,0.0,0.72130801667,0.0,0.0,0.0,2,0.32130801667
2.16281986237,0.0,0.0,0.532318115234,0.548797607422,-0.895237999958,0.129075414602,-0.373451963519,1.0,-0.274574823468,0.0395881979765,0.254513040508,0.687184066996,8.44526945515,5.53887606176,4.22669847018,0.619452523714,0.293294047526,0.0,0.706705952474,0.0,0.0,0.0,2,0.306705952474
2.20296192169,0.0,0.0,0.379730224609,0.691619873047,-0.929625743348,0.112669831854,-0.420097599584,1.0,-0.281262695209,0.0340887941225,0.137738507893,0.784921748857,8.42270314626,5.54161107878,4.2377495259,0.650940500871,0.297445238342,0.0,0.702554761658,0.0,0.0,0.0,2,0.302554761658
2.24657797813,0.0,-0.359588623047,-0.0,0.856658935547,-0.941684329053,0.0966542331516,-0.45847223122,1.0,-0.564854998821,-0.0859182963259,-0.275007583365,0.942639889349,8.37344311843,5.53411829271,4.21376659003,0.692043498346,0.000165234363782,0.0,0.999834765636,0.0,0.0,0.0,2,0.599834765636
2.29269695282,0.0,-0.478118896484,-0.0,1.0,-0.892424301225,0.0967296176924,-0.459414577688,1.0,-0.535310142904,-0.133302826539,-0.2755743909,1.0,8.32409401043,5.52182938754,4.18836197075,0.738137439081,0.00016184883231,0.0,0.999838151168,0.0,0.0,0.0,2,0.599838151168
2.33651590347,0.0,-0.604949951172,-0.0,1.0,-0.843075193222,0.105228071401,-0.456394778808,1.0,-0.505713249184,-0.178954217717,-0.273765481842,1.0,8.27979751232,5.50615440734,4.16438227046,0.781933501551,0.000156411611389,0.0,0.999843588389,0.0,0.0,0.0,2,0.599843588389
2.37585306168,0.0,-0.718841552734,-0.0,1.0,-0.798778695116,0.120373135666,-0.452401928893,1.0,-0.47914763116,-0.215438379314,-0.271373427818,1.0,8.24219777355,5.48924849722,4.14308701753,0.821169570276,0.000149710940106,0.0,0.99985028906,0.0,0.0,0.0,2,0.59985028906
2.41886687279,0.0,-0.844207763672,-0.0,1.0,-0.761178956344,0.139055185817,-0.448964001047,1.0,-0.456598690103,-0.254390387585,-0.269314296031,1.0,8.20287021027,5.46733745306,4.11989055366,0.864235356638,0.000142783379463,0.0,0.999857216621,0.0,0.0,0.0,2,0.599857216621
2.45890593529,0.0,-0.923187255859,-0.0,1.0,-0.721851393062,0.167436041468,-0.441305215868,1.0,-0.433013925324,-0.268959696608,-0.264723883095,1.0,8.16821694713,5.4458131311,4.09870521562,0.904249385187,0.000134252720619,0.0,0.999865747279,0.0,0.0,0.0,2,0.599865747279
2.50972008705,0.0,-0.968475341797,-0.307769775391,1.0,-0.687198129922,0.197389245997,-0.433539022728,1.0,-0.412318877793,-0.268956589392,-0.383231323764,1.0,8.12634356363,5.41849902297,4.05978584265,0.955027297327,2.32948519834e-10,0.0,0.999999999767,0.0,0.0,0.0,2,0.599999999767
2.55558896065,0.339538574219,-1.0,-0.367492675781,1.0,-0.645324746422,0.238758540601,-0.404146857347,1.0,-0.251379418164,-0.256744875641,-0.389485184721,1.0,8.10332177864,5.39498585961,4.02411608001,1.00081820805,1.08077868493e-12,0.0,0.999999999999,0.0,0.0,0.0,2,0.599999999999
2.60243391991,0.463806152344,-1.0,-0.384704589844,1.0,-0.622302961433,0.276777734378,-0.374437326036,1.0,-0.187859315921,-0.233933359374,-0.378544231559,1.0,8.08570960946,5.37305416098,3.98862683628,1.04769416172,9.21614256257e-13,0.0,0.999999999999,0.0,0.0,0.0,2,0.599999999999
2.65284085274,0.608337402344,-1.0,-0.382751464844,0.909149169922,-0.604690792252,0.314617900935,-0.341359389269,1.0,-0.119479514413,-0.21122925944,-0.357916219499,0.963659667969,8.07367131139,5.35177151015,3.95256456941,1.0962414896,7.73132513244e-13,0.0,0.999999999999,0.0,0.0,0.0,2,0.599999999999
2.70374202728,0.745910644531,-1.0,-0.362976074219,0.636688232422,-0.592652494182,0.353612760865,-0.304102202667,1.0,-0.0572272386958,-0.187832343482,-0.327651751288,0.854675292969,8.06784869134,5.33266039464,3.91922744359,1.13972121718,6.36030183227e-13,0.0,0.999999999999,0.0,0.0,0.0,2,0.599999999999
2.75016307831,0.856262207031,-1.0,-0.335998535156,0.333099365234,-0.586829874132,0.391261429376,-0.266236444538,1.0,-0.00959304166567,-0.165243142375,-0.294141280785,0.733239746093,8.06695886284,5.3173328205,3.89194357436,1.17372803406,5.21952221694e-13,0.0,0.999999999999,0.0,0.0,0.0,2,0.599999999999
2.79820299149,0.902038574219,-0.992523193359,-0.318878173828,-0.0,-0.585940045633,0.424767543236,-0.231695556071,1.0,0.0092514023083,-0.142148751403,-0.266568603174,0.6,8.06784598022,5.30370217031,3.86638229896,1.20249504761,2.59617284126e-13,0.0,1.0,0.0,0.0,0.0,2,0.6
2.83788299561,0.924743652344,-0.876922607422,-0.0,-0.0,-0.586827163018,0.457091336197,-0.196321133899,1.0,0.0180102449697,-0.0766987632664,-0.117765525022,0.599861679095,8.06927711123,5.29760752924,3.85702440876,1.2263281674,0.000138320904848,0.0,0.999861679095,0.0,0.0,0.0,2,0.599861679095
2.88595199585,0.939025878906,-0.757659912109,-0.0,-0.308990478516,-0.588258294029,0.478720579579,-0.176214307903,1.0,0.0228015426532,-0.0159499439007,-0.105711720292,0.476278532709,8.07146501999,5.29607706165,3.84688090215,1.24917868215,9.57041988428e-05,0.0,0.999904295801,0.0,0.0,0.0,2,0.599904295801
2.92883896828,0.935974121094,-0.583831787109,-0.0,-0.404113769531,-0.590446202788,0.493656609498,-0.154307514831,1.0,0.0202681189614,0.0625580549049,-0.092569730168,0.438220013844,8.07320426968,5.3014452992,3.83893729996,1.26798097018,9.57745350549e-05,0.0,0.999904225465,0.0,0.0,0.0,2,0.599904225465
2.97418403625,0.929260253906,-0.441375732422,-0.0,-0.438171386719,-0.592185452474,0.497707757953,-0.13380626597,1.0,0.0165415099001,0.121982592005,-0.0802706836692,0.424590903284,8.07470319099,5.31249884319,3.83166351181,1.28721828162,9.7722725928e-05,0.0,0.999902277274,0.0,0.0,0.0,2,0.599902277274
3.01577401161,0.870666503906,0.0,-0.0,-0.454162597656,-0.593684373789,0.492125592363,-0.113247452328,1.0,0.114473513581,0.254134394272,-0.0584811542966,0.296769149571,8.08422465553,5.33363676013,3.82679927536,1.2995603372,0.0835984996192,0.0,0.916401500381,0.0,0.0,0.0,2,0.516401500381
3.05895590782,0.809265136719,0.0,-0.0,-0.453063964844,-0.603205838325,0.469303075637,-0.0946117667496,1.0,0.0798724843733,0.242345663126,-0.0488570234093,0.29729069594,8.0911185948,5.3545540547,3.82258233689,1.31239018729,0.0836052101368,0.0,0.916394789863,0.0,0.0,0.0,2,0.516394789863
3.10089707375,0.730651855469,0.0,-0.0,-0.422302246094,-0.610099777593,0.444719763019,-0.0762016852961,1.0,0.0384261152909,0.229607378083,-0.0393426841379,0.312027812346,8.09434008962,5.3738034369,3.81928400053,1.3254697814,0.0837032280191,0.0,0.916296771981,0.0,0.0,0.0,2,0.516296771981
3.14139795303,0.635803222656,0.0,-0.0,-0.405090332031,-0.613321272416,0.420713380723,-0.058380372317,1.0,-0.00885048084972,0.217123625441,-0.0301292011922,0.320054911599,8.09362415576,5.39136701989,3.8168467866,1.33841473612,0.0839155696258,0.0,0.916084430374,0.0,0.0,0.0,2,0.516084430374
3.19447588921,0.535461425781,0.353454589844,-0.0,-0.433044433594,-0.612605338558,0.397479338955,-0.0411764603709,1.0,0.0527116861482,0.371966523845,-0.0173142591882,0.169535354175,8.09920990764,5.43078356793,3.8150120292,1.3473973972,0.17951074395,0.0,0.82048925605,0.0,0.0,0.0,2,0.42048925605
3.25100493431,0.388122558594,0.483581542969,0.318664550781,-0.577697753906,-0.618191090437,0.337524194801,-0.0243915292288,0.924930167469,0.0369107757337,0.43260632098,0.198935142761,-0.0532681868922,8.10338523991,5.47971982287,3.83751549342,1.34438455914,0.250991732848,0.0,0.749008267152,0.0,0.0,0.0,2,0.349008267152
3.29522395134,0.0,0.559387207031,-0.0,-0.740539550781,-0.622366422705,0.258395864807,-0.0341951661131,0.955058548026,-0.214356321021,0.45571934446,-0.0117775473375,-0.156539262318,8.08443780074,5.5200018846,3.83647444942,1.33746612974,0.255578589717,0.0,0.744421410283,0.0,0.0,0.0,2,0.344421410283
3.33558607101,0.0,0.603820800781,-0.0,-0.859802246094,-0.60341898354,0.188220618455,-0.020350190385,1.0,-0.203895346396,0.463389449682,-0.00687633175447,-0.231374845665,8.06799124046,5.55737969952,3.8359197923,1.32813457702,0.262099880916,0.0,0.737900119084,0.0,0.0,0.0,2,0.337900119084
3.37903285027,0.0,0.611511230469,-0.0,-0.890686035156,-0.586972423254,0.118663960832,-0.00693613582869,1.0,-0.194625832603,0.448095018055,-0.00229985457106,-0.263780359174,8.05108953221,5.596293194,3.83572006819,1.31668096212,0.268424231033,0.0,0.731575768967,0.0,0.0,0.0,2,0.331575768967
3.41848993301,0.0,0.611511230469,-0.0,-0.890686035156,-0.570070715004,0.0429124344091,0.00614295813159,1.0,-0.185101668855,0.426887492941,0.00199461535549,-0.276781249002,8.03648874344,5.62996600825,3.83587740312,1.30576473274,0.275300512756,0.0,0.724699487244,0.0,0.0,0.0,2,0.324699487244
3.46052002907,0.0,0.609558105469,-0.0,-0.894104003906,-0.555469926236,-0.0283453530839,0.0188492595638,1.0,-0.176917327174,0.40638567515,0.00600349445347,-0.290831347849,8.02162623425,5.66410574418,3.83638174598,1.29354862127,0.281499719755,0.0,0.718500280245,0.0,0.0,0.0,2,0.318500280245
3.50147390366,0.0,0.601135253906,-0.0,-0.902404785156,-0.540607417049,-0.103717496687,0.0311581187722,1.0,-0.168654958038,0.381240174176,0.00972049411155,-0.308905715232,8.00782720539,5.69529809232,3.83717705838,1.28091158133,0.288026925418,0.0,0.711973074582,0.0,0.0,0.0,2,0.311973074582
3.54232788086,0.0,0.596862792969,-0.0,-0.902160644531,-0.526808388187,-0.177787793425,0.0430964772088,1.0,-0.16109392651,0.359980641064,0.0131785690736,-0.320494646133,7.99469258787,5.72464872109,3.83825155863,1.2678459907,0.29420774209,0.0,0.70579225791,0.0,0.0,0.0,2,0.30579225791
3.58062887192,0.0,0.596862792969,-0.0,-0.902160644531,-0.513673770668,-0.252030573992,0.0546481977671,1.0,0.0,0.596862792969,0.0,-0.902160644531,7.99469258787,5.77039833933,3.83825155863,1.23327061965,0.300217536921,0.0,0.699782463079,0.0,0.0,0.0,2,0
3.6242120266,0.0,0.596862792969,-0.0,-0.902160644531,-0.513673770668,-0.355446800574,0.0672744185749,1.0,0.0,0.596862792969,0.0,-0.902160644531,7.99469258787,5.82240531295,3.83825155863,1.19396623898,0.309934805464,0.0,0.690065194536,0.0,0.0,0.0,2,0
3.66317796707,0.0,0.596618652344,-0.0,-0.898132324219,-0.513673770668,-0.473449757601,0.0799006393827,1.0,0.0,0.596618652344,0.0,-0.898132324219,7.99469258787,5.8688568308,3.83825155863,1.15900285866,0.321571669853,0.0,0.678428330147,0.0,0.0,0.0,2,0
3.70602202415,0.0,0.596618652344,-0.0,-0.897277832031,-0.513673770668,-0.587764682747,0.0925268601905,1.0,0.0,0.596618652344,0.0,-0.897277832031,7.99469258787,5.91996061268,3.83825155863,1.12057438309,0.332511555296,0.0,0.667488444704,0.0,0.0,0.0,2,0
3.7456009388,0.0,0.596618652344,-0.0,-0.897277832031,-0.513673770668,-0.71416838213,0.105153080998,1.0,0.0,0.596618652344,0.0,-0.897277832031,7.99469258787,5.96715692519,3.83825155863,1.08508420456,0.345156213886,0.0,0.654843786114,0.0,0.0,0.0,2,0
3.79696798325,0.0,0.596618652344,-0.380920410156,-0.897277832031,-0.513673770668,-0.839430508721,0.117779301806,1.0,-0.308204256522,-0.265010827862,-0.0817005886857,0.241088845476,7.96304493552,5.93994454778,3.82986221367,1.0974621906,1.14434741513e-08,0.0,0.999999988557,0.0,0.0,0.0,2,0.599999988557
3.84758496284,0.0,0.596618652344,-0.497375488281,-0.897277832031,-0.48202611832,-0.850358362677,0.139633802074,1.0,-0.289215665865,-0.271567541278,-0.115169920844,0.241088847007,7.93381806649,5.91250112095,3.81822364567,1.1096438823,1.06365294844e-08,0.0,0.999999989363,0.0,0.0,0.0,2,0.599999989363
3.8966999054,0.0,0.596618652344,-0.629089355469,-0.897277832031,-0.452799249285,-0.85819529983,0.165901382176,1.0,-0.271679545163,-0.276269704799,-0.15209492062,0.241088848719,7.90712453864,5.88535659281,3.80327975286,1.12148782126,9.73401993768e-09,0.0,0.999999990266,0.0,0.0,0.0,2,0.599999990266
3.94736289978,0.0,0.596618652344,-0.736633300781,-0.897277832031,-0.426105721434,-0.863766132194,0.196968676363,1.0,-0.255663429122,-0.279612205565,-0.176472122686,0.241088850541,7.88122735685,5.85703354269,3.78540417849,1.13369825318,8.77405240782e-09,0.0,0.999999991226,0.0,0.0,0.0,2,0.599999991226
3.99431800842,0.324981689453,0.596618652344,-0.843200683594,-0.897277832031,-0.400208539644,-0.864736876571,0.232755209559,1.0,-0.110132448005,-0.280194665005,-0.197627147702,0.241088867187,7.87089030883,5.83073442957,3.76685486489,1.14501257172,1.03172098075e-13,0.0,1.0,0.0,0.0,0.0,2,0.6
4.04454898834,0.382995605469,0.596618652344,-0.928405761719,-0.897277832031,-0.388858640785,-0.866113615154,0.271070413347,1.0,-0.0801169422831,-0.281020708155,-0.208720056679,0.241088867187,7.86284576789,5.8025171446,3.74589728721,1.15711643644,9.50723557402e-14,0.0,1.0,0.0,0.0,0.0,2,0.6
4.09564995766,0.422302246094,0.596618652344,-0.975646972656,-0.897277832031,-0.378996794913,-0.861791367448,0.313889638971,1.0,-0.0584771785101,-0.278427359531,-0.20192500568,0.241088867187,7.85687313488,5.77407965019,3.72527344755,1.169428379,8.503632183e-14,0.0,1.0,0.0,0.0,0.0,2,0.6
4.14409208298,0.431335449219,0.596618652344,-0.980407714844,-0.897277832031,-0.370609593676,-0.85429505615,0.358437510547,1.0,-0.049831576518,-0.273929572753,-0.177100579609,0.241088867187,7.85204714086,5.74755063839,3.70812194646,1.18110263771,7.54164942935e-14,0.0,1.0,0.0,0.0,0.0,2,0.6
4.19603800774,0.428771972656,0.593200683594,-0.936096191406,-0.897155761719,-0.362886432016,-0.847008567585,0.401228193665,1.0,-0.0462230701469,-0.270924867113,-0.133701560364,0.241137695312,7.84724818062,5.71942274336,3.69424081589,1.19362030701,6.83074435056e-14,0.0,1.0,0.0,0.0,0.0,2,0.6
4.24387693405,0.423278808594,0.589050292969,-0.842834472656,-0.896911621094,-0.354710408118,-0.834510964673,0.442136619317,1.0,-0.0435147214333,-0.265086461616,-0.0718518174722,0.241235351562,7.84308912215,5.69408625819,3.68737334896,1.20514872658,6.37096228178e-14,0.0,1.0,0.0,0.0,0.0,2,0.6
4.29979205132,0.388366699219,0.565734863281,-0.706848144531,-0.877014160156,-0.34675838014,-0.807408866738,0.476718128017,1.0,-0.0527083483963,-0.25815137473,0.00329161899787,0.249194335937,7.83719463465,5.66521663703,3.68774145776,1.21908269475,6.24840302305e-14,0.0,1.0,0.0,0.0,0.0,2,0.6
4.35284090042,0.331481933594,0.529602050781,-0.560485839844,-0.851745605469,-0.336481474388,-0.764104434991,0.504027250109,1.0,-0.0692961111955,-0.246621840682,0.0782220141278,0.259301757812,7.82984578105,5.63906238725,3.6960369035,1.23283217234,6.5969966255e-14,0.0,1.0,0.0,0.0,0.0,2,0.6
4.39905905724,0.0,0.482238769531,-0.411315917969,-0.830139160156,-0.324015317176,-0.724873060322,0.522579490698,1.0,-0.194409189015,-0.242028323571,0.14902132351,0.267944328645,7.81188467514,5.61670183744,3.70980470834,1.24520961316,3.98463676069e-09,0.0,0.999999996015,0.0,0.0,0.0,2,0.599999996015
4.44788599014,0.0,0.460266113281,-0.307769775391,-0.825988769531,-0.299140797056,-0.691332235612,0.534282591686,1.0,-0.179484476989,-0.230692891262,0.197461641351,0.269604484589,7.7943669932,5.59418621513,3.72907696123,1.25836630975,4.16140622133e-09,0.0,0.999999995839,0.0,0.0,0.0,2,0.599999995839
4.48750495911,0.0,0.460266113281,-0.0,-0.825988769531,-0.272957932713,-0.657558802139,0.538554019353,1.0,-0.0887754377061,0.0967104724588,0.175156546363,-0.232113549822,7.78734928916,5.60183118417,3.74292309744,1.24919201425,0.274765130203,0.0,0.725234869797,0.0,0.0,0.0,2,0.325234869797
4.52768301964,0.0,0.460266113281,-0.0,-0.825988769531,-0.256573275869,-0.669026255708,0.546866950064,1.0,-0.08309637713,0.0945222365433,0.177113778388,-0.234605855958,7.78066521101,5.60943433172,3.75716971537,1.23975644119,0.276130037906,0.0,0.723869962094,0.0,0.0,0.0,2,0.323869962094
4.5684659481,0.0,0.460266113281,-0.0,-0.825988769531,-0.2398538371,-0.680430977027,0.553354737272,1.0,-0.0773532289002,0.0923895589631,0.178457748155,-0.237104601713,7.7743709883,5.61695205876,3.77169080036,1.23010985507,0.277498472256,0.0,0.722501527744,0.0,0.0,0.0,2,0.322501527744
4.61028289795,0.0,0.460754394531,-0.0,-0.834899902344,-0.222894831499,-0.691707567581,0.558115948915,1.0,-0.0715799252042,0.0906554537265,0.179232051322,-0.24564443651,7.76838058897,5.62453885586,3.78669041871,1.21983107744,0.278862337351,0.0,0.721137662649,0.0,0.0,0.0,2,0.321137662649
4.65285396576,0.0,0.443176269531,-0.0,-0.863952636719,-0.205640609347,-0.703087763235,0.56089866536,1.0,-0.0657537754603,0.0766572825078,0.179347868182,-0.267952053309,7.76279587373,5.63104964692,3.80192310711,1.20845199004,0.280249073035,0.0,0.719750926965,0.0,0.0,0.0,2,0.319750926965
4.69872403145,0.0,0.400695800781,-0.0,-0.940246582031,-0.188233599761,-0.712853949832,0.561925042925,1.0,-0.0599633859259,0.0459652238363,0.179005917398,-0.322164822253,7.75729085043,5.63526954919,3.81835699807,1.19366359188,0.281441644839,0.0,0.718558355161,0.0,0.0,0.0,2,0.318558355161
4.74658703804,0.0,0.347717285156,-0.0,-0.999969482422,-0.170355779786,-0.71918380323,0.546156768642,1.0,-0.0541392552349,0.00865493924126,0.173569225141,-0.36437696888,7.75211089693,5.63609763932,3.83496381157,1.17623210204,0.282198893969,0.0,0.717801106031,0.0,0.0,0.0,2,0.317801106031
4.78552794456,0.0,0.0,-0.0,-0.999969482422,-0.15228503426,-0.720425938423,0.529549955133,1.0,-0.069967776403,-0.331001672091,0.243303178379,-0.0810780218188,7.74666501598,5.61033441236,3.85390110263,1.17307678342,0.140547259006,0.0,0.859452740994,0.0,0.0,0.0,2,0.459452740994
4.83038902283,0.0,0.0,-0.0,-0.999969482422,-0.133403773179,-0.68178109799,0.51061266408,1.0,-0.061293423576,-0.313249742712,0.234605045696,-0.0810676125295,7.74116870666,5.58224465367,3.87493862708,1.16944203236,0.140542054282,0.0,0.859457945718,0.0,0.0,0.0,2,0.459457945718
4.86995792389,0.0,0.0,-0.0,-0.999969482422,-0.113922452814,-0.639646459955,0.489575139631,1.0,-0.0523432597933,-0.293894487014,0.224942125884,-0.0810556106533,7.73702887205,5.55900050389,3.89272932645,1.16623668343,0.140536053252,0.0,0.859463946748,0.0,0.0,0.0,2,0.459463946748
4.91292095184,0.0,0.0,-0.0,-0.999969482422,-0.095383623684,-0.604780235289,0.47178444026,1.0,-0.0438258414339,-0.277877917303,0.216770439948,-0.081045016943,7.73326520103,5.53513693319,3.91134511561,1.16275669569,0.140530756316,0.0,0.859469243684,0.0,0.0,0.0,2,0.459469243684
4.95507693291,0.0,0.0,-0.0,-0.999969482422,-0.0768445910416,-0.568984879234,0.453168651102,1.0,-0.0353081684389,-0.261434327164,0.208219665788,-0.0810335052661,7.73029013522,5.51310848021,3.92888970191,1.15934275465,0.14052500039,0.0,0.85947499961,0.0,0.0,0.0,2,0.45947499961
4.99647903442,0.0,0.0,-0.0,-0.999969482422,-0.0587966570334,-0.535942199769,0.435624064795,1.0,-0.0270159262788,-0.246255071108,0.200160829094,-0.0810222016897,7.72805446848,5.49272997221,3.94545374277,1.15599031285,0.140519348516,0.0,0.859480651484,0.0,0.0,0.0,2,0.459480651484
5.03351187706,0.0,0.0,-0.0,-0.999969482422,-0.0412645554296,-0.505374437758,0.41906002394,1.0,-0.0189604940388,-0.232212583286,0.192552300711,-0.0810110917555,7.7266510054,5.47554150722,3.95970653834,1.15299207672,0.140513793464,0.0,0.859486206536,0.0,0.0,0.0,2,0.459486206536
5.07657885551,0.0,0.0,-0.0,-0.999969482422,-0.0244243111667,-0.479591740274,0.404807228366,1.0,-0.0112227555305,-0.220368174103,0.186005350566,-0.0810011472911,7.72568492837,5.4565717781,3.97571824752,1.14950570708,0.140508821156,0.0,0.859491178844,0.0,0.0,0.0,2,0.459491178844
5.1161608696,0.0,0.0,-0.0,-0.999969482422,-0.00792484524716,-0.451137146592,0.387675071109,1.0,-0.00364144234417,-0.207296149943,0.178135518826,-0.0809895738925,7.72539729784,5.4401978542,3.98978882928,1.1463071018,0.140503034368,0.0,0.859496965632,0.0,0.0,0.0,2,0.459496965632
5.15600991249,0.0,0.0,-0.0,-0.999969482422,0.0079249372108,-0.426576260754,0.371076983084,1.0,0.0036415267129,-0.196012764178,0.17051071958,-0.0809789464097,7.72568781053,5.42456040326,4.00339178532,1.14307694404,0.140497720546,0.0,0.859502279454,0.0,0.0,0.0,2,0.459502279454
5.19805288315,0.0,0.0,-0.0,-0.999969482422,0.0231675251882,-0.403120084337,0.35358622519,1.0,0.0106456550608,-0.185236762713,0.162475575489,-0.0809682050309,7.72658240715,5.40899422343,4.01704525231,1.13967490435,0.140492349774,0.0,0.859507650226,0.0,0.0,0.0,2,0.459507650226
5.23972797394,0.0,0.0,-0.0,-0.999969482422,0.0377165695775,-0.378422202229,0.334679609633,1.0,0.0173312657924,-0.173890039366,0.15378973578,-0.080956882261,7.72802613662,5.39450883171,4.02985624812,1.13630296839,0.140486688303,0.0,0.859513311697,0.0,0.0,0.0,2,0.459513311697
5.28041291237,0.0,0.0,-0.0,-0.999969482422,0.0515721081688,-0.353896963123,0.315334365688,1.0,0.0236983598622,-0.162622353129,0.144902109693,-0.0809456497584,7.72995058195,5.38130294613,4.04162314636,1.13301633845,0.140481071966,0.0,0.859518928034,0.0,0.0,0.0,2,0.459518928034
5.32397389412,0.0,0.0,-0.0,-0.999969482422,0.0647544863591,-0.32997039466,0.29585652948,1.0,0.0297562669466,-0.151629449943,0.135953296275,-0.0809346919367,7.73254390026,5.36808813566,4.05347174861,1.12948952815,0.140475592971,0.0,0.859524407029,0.0,0.0,0.0,2,0.459524407029
5.36994600296,0.0,0.0,-0.0,-0.999969482422,0.0770086597509,-0.304708957826,0.275112129036,1.0,0.0353878118722,-0.140022996247,0.126422356883,-0.0809229229437,7.73579286328,5.35523259267,4.06507861383,1.12577475221,0.140469708385,0.0,0.859530291615,0.0,0.0,0.0,2,0.459530291615
5.41305303574,0.0,0.0,-0.0,-0.999969482422,0.0882822921225,-0.278700867901,0.253448779112,1.0,0.0405689351484,-0.128073220165,0.116468963775,-0.0809105150967,7.73929184959,5.3441865437,4.07512381981,1.12228557035,0.140463504367,0.0,0.859536495633,0.0,0.0,0.0,2,0.459536495633
5.45350289345,0.0,0.0,-0.0,-0.999969482422,0.0989560025706,-0.254302414107,0.232342567816,1.0,0.0454744718206,-0.116862723471,0.106771244577,-0.0808988499399,7.74296263332,5.33475316786,4.08374259275,1.11902041773,0.1404576717,0.0,0.8595423283,0.0,0.0,0.0,2,0.4595423283
5.50004792213,0.0,0.0,-0.0,-0.999969482422,0.109090837231,-0.231379632433,0.211800912271,1.0,0.0501324532907,-0.106329999015,0.09733264141,-0.0808879242901,7.74763216754,5.32484917282,4.09280853846,1.11525330774,0.140452208791,0.0,0.859547791209,0.0,0.0,0.0,2,0.459547791209
5.53794407845,0.0,0.0,-0.0,-0.999969482422,0.117759967978,-0.206760522443,0.189905489387,1.0,0.0541170760551,-0.0950176457275,0.0872718461874,-0.080875307666,7.7517277359,5.31765825838,4.0994132525,1.11219299504,0.140445900383,0.0,0.859554099617,0.0,0.0,0.0,2,0.459554099617
5.57841086388,0.0,0.0,-0.0,-0.999969482422,0.12659350775,-0.185491941925,0.169810826771,1.0,0.058177214804,-0.0852445337964,0.0780381326079,-0.0808650492765,7.7564369469,5.31075805702,4.10573012473,1.10892014517,0.14044077111,0.0,0.85955922889,0.0,0.0,0.0,2,0.45955922889
5.62435507774,0.0,0.0,-0.0,-0.999969482422,0.134342483776,-0.163969410886,0.149372318734,1.0,0.0617390657809,-0.0753545562077,0.0686462476574,-0.0808540696009,7.76209324264,5.30385436242,4.11201922991,1.10521637573,0.140435281188,0.0,0.859564718812,0.0,0.0,0.0,2,0.459564718812
5.67044687271,0.0,0.0,-0.0,-0.999969482422,0.140578745491,-0.141751270517,0.128332667237,1.0,0.0646059057969,-0.0651447642219,0.058977964138,-0.080841633283,7.76805534714,5.2978425298,4.1174619643,1.1014861729,0.140429062935,0.0,0.859570937065,0.0,0.0,0.0,2,0.459570937065
5.71145796776,0.0,0.0,-0.0,-0.999969482422,0.145912988,-0.120269739867,0.107595113087,1.0,0.067058283284,-0.0552732309648,0.0494482614077,-0.080829096427,7.77355235286,5.29331158669,4.12151541396,1.0981732488,0.140422794411,0.0,0.859577205589,0.0,0.0,0.0,2,0.459577205589
5.74929594994,0.0,0.0,-0.0,-0.999969482422,0.151162628715,-0.100556449165,0.0878414986993,1.0,0.069471740809,-0.0462140122358,0.040370439981,-0.080817952115,7.77880648055,5.28981643429,4.12456861868,1.09511712961,0.14041722217,0.0,0.85958277783,0.0,0.0,0.0,2,0.45958277783
5.79302406311,0.0,0.0,-0.0,-0.999969482422,0.15612973469,-0.0820473292955,0.0687828087875,1.0,0.0717553403674,-0.037707961597,0.0316117481771,-0.0808076634343,7.78507690214,5.28652128141,4.12733104705,1.09158639507,0.140412077751,0.0,0.859587922249,0.0,0.0,0.0,2,0.459587922249
5.83134198189,0.0,0.0,-0.0,-0.999969482422,0.159453504602,-0.0635086934089,0.0497386523765,1.0,0.0732838533454,-0.0291882062144,0.0228595797593,-0.080795767107,7.79068870357,5.28428615853,4.12908154756,1.08849287733,0.140406129497,0.0,0.859593870503,0.0,0.0,0.0,2,0.459593870503
5.87376594543,0.0,0.0,-0.0,-0.999969482422,0.162874714544,-0.0463365902426,0.0315313737877,1.0,0.0748570700167,-0.0212962545466,0.0144917905886,-0.0807853352924,7.7970387073,5.28247963183,4.13031086263,1.0850664329,0.14040091351,0.0,0.85959908649,0.0,0.0,0.0,2,0.45959908649
5.91205406189,0.0,0.0,-0.0,-0.999969482422,0.164922721794,-0.0296267286652,0.0137223491233,1.0,0.0757992858661,-0.0136165887328,0.00630685846461,-0.080773771411,7.80283962511,5.28143755457,4.13079352638,1.08197562536,0.140395131481,0.0,0.859604868519,0.0,0.0,0.0,2,0.459604868519
5.95330095291,0.0,0.0,-0.0,-0.999969482422,0.166939723194,-0.0139593335294,-0.00338829059418,1.0,0.0767271809337,-0.00641585051737,-0.00155729253949,-0.0807633318219,7.80916376226,5.28090873651,4.13066516859,1.07864721957,0.140389911607,0.0,0.859610088393,0.0,0.0,0.0,2,0.459610088393
5.99109697342,0.0,0.0,-0.0,-0.999969482422,0.167801091545,0.00099105460489,-0.0198750729893,1.0,0.0771240185007,0.000455504269842,-0.00913489586283,-0.0807520807759,7.81499111316,5.28094315359,4.12997495243,1.07559647922,0.140384285998,0.0,0.859615714002,0.0,0.0,0.0,2,0.459615714002
6.03400492668,0.0,0.0,-0.0,-0.999969482422,0.168576511047,0.0150931483352,-0.0357309754047,1.0,0.0774812834054,0.00693712603481,-0.0164227021576,-0.0807417601999,7.82163591706,5.28153808233,4.12856653958,1.07213426783,0.140379125631,0.0,0.859620874369,0.0,0.0,0.0,2,0.459620874369
6.07243394852,0.0,0.0,-0.0,-0.999969482422,0.167869997164,0.0282949816998,-0.0507278398403,1.0,0.077157538775,0.0130051300681,-0.0233158714218,-0.0807300382339,7.82756256255,5.28253703585,4.12677559463,1.06903373919,0.140373264559,0.0,0.859626735441,0.0,0.0,0.0,2,0.459626735441
6.11258506775,0.0,0.0,-0.0,-0.999969482422,0.167288977136,0.0407908825273,-0.0651630776845,1.0,0.076891365209,0.0187487944471,-0.0299510349704,-0.0807195323535,7.83373307818,5.2840416226,4.12437203047,1.06579487658,0.140368011538,0.0,0.859631988462,0.0,0.0,0.0,2,0.459631988462
6.15083098412,0.0,0.0,-0.0,-0.999969482422,0.165847035406,0.0523778748466,-0.0787453399029,1.0,0.076229513438,0.0240748344081,-0.0361943096034,-0.0807085492227,7.83956023307,5.28588195691,4.12160525631,1.06271010537,0.140362519889,0.0,0.859637480111,0.0,0.0,0.0,2,0.459637480111
6.19486403465,0.0,0.0,-0.0,-0.999969482422,0.164165738931,0.0632772123939,-0.0916877147014,1.0,0.0754575858748,0.0290849096725,-0.0421435900743,-0.0806980805478,7.84620217821,5.28844207558,4.11789568345,1.05915849278,0.140357285472,0.0,0.859642714528,0.0,0.0,0.0,2,0.459642714528
6.24432086945,0.0,0.0,-0.0,-0.999969482422,0.161005457697,0.0728408615364,-0.10331633351,1.0,0.0740059567257,0.0334812106611,-0.0474892231368,-0.0806860178348,7.85350611082,5.29174646509,4.11320878929,1.055176886,0.140351254023,0.0,0.859648745977,0.0,0.0,0.0,2,0.459648745977
6.29259490967,0.0,0.0,-0.0,-0.999969482422,0.156452795716,0.0809576654748,-0.113498941615,1.0,0.0719143902055,0.0372126373226,-0.0521704143276,-0.0806724823274,7.86045691986,5.29534321304,4.10816631328,1.05127822944,0.140344486166,0.0,0.859655513834,0.0,0.0,0.0,2,0.459655513834
6.33055186272,0.0,0.0,-0.0,-0.999969482422,0.151558176417,0.0882762569473,-0.122821720265,1.0,0.0696655567685,0.0405772537982,-0.0564564956364,-0.080659216182,7.86574231536,5.29842173339,4.10388306455,1.0482184975,0.140337852992,0.0,0.859662147008,0.0,0.0,0.0,2,0.459662147008
6.37198591232,0.0,0.0,-0.0,-0.999969482422,0.147800431103,0.0960643377786,-0.132475401315,1.0,0.0679390335583,0.0441576402679,-0.0608946176163,-0.0806487959556,7.87136659226,5.30207728725,4.09884195382,1.04488027545,0.1403326428,0.0,0.8596673572,0.0,0.0,0.0,2,0.4596673572
6.41000199318,0.0,0.0,-0.0,-0.999969482422,0.143141376695,0.10262131297,-0.140867109291,1.0,0.0657982326315,0.0471722515156,-0.0647528132065,-0.0806374185655,7.87636686412,5.30566209603,4.09392112757,1.04181629486,0.140326954018,0.0,0.859673045982,0.0,0.0,0.0,2,0.459673045982
6.45088386536,0.0,0.0,-0.0,-0.999969482422,0.138606300143,0.108925924905,-0.148887019136,1.0,0.0637143044582,0.0500708808736,-0.068440127594,-0.0806269678423,7.88157106749,5.30975190049,4.08833091757,1.03852347749,0.140321728576,0.0,0.859678271424,0.0,0.0,0.0,2,0.459678271424
6.49077606201,0.0,0.0,-0.0,-0.999969482422,0.133346871749,0.114064062864,-0.155678524215,1.0,0.0612974089113,0.052433412286,-0.0715629098181,-0.0806157280686,7.88645951036,5.31393344332,4.08262380527,1.03530894209,0.140316108604,0.0,0.859683891396,0.0,0.0,0.0,2,0.459683891396
6.53052902222,0.0,0.0,-0.0,-0.999969482422,0.127914359561,0.118646438994,-0.161782415769,1.0,0.0588008728972,0.0545405082193,-0.0743696587256,-0.0806047470015,7.89113054642,5.31826604364,4.07671601273,1.0321073937,0.140310617987,0.0,0.859689382013,0.0,0.0,0.0,2,0.459689382013
6.56815886497,0.0,0.0,-0.0,-0.999969482422,0.122232150577,0.122568968854,-0.167094847839,1.0,0.0561894906888,0.0563443243174,-0.076812641784,-0.0805938019673,7.89535610784,5.32250324885,4.07093954935,1.02907698663,0.140305145386,0.0,0.859694854614,0.0,0.0,0.0,2,0.459694854614
6.61082005501,0.0,0.0,-0.0,-0.999969482422,0.116572860097,0.126210870852,-0.17196096272,1.0,0.0535885482741,0.0580191421889,-0.0790504611821,-0.080583434365,7.8999270049,5.32745205854,4.06419684904,1.02564025811,0.140299961506,0.0,0.859700038494,0.0,0.0,0.0,2,0.459700038494
6.64858102798,0.0,0.0,-0.0,-0.999969482422,0.11011114426,0.128290485168,-0.175186570641,1.0,0.0506187450861,0.0589758957585,-0.0805343039654,-0.080571667683,7.90374678979,5.33190248959,4.05811958031,1.02260021398,0.140294078075,0.0,0.859705921925,0.0,0.0,0.0,2,0.459705921925
6.69610095024,0.0,0.0,-0.0,-0.999969482422,0.10401856212,0.130672624333,-0.17846988327,1.0,0.047818490757,0.0600716598221,-0.0820445917496,-0.0805612512353,7.90828917155,5.33760882636,4.05032598725,1.01877387031,0.140288869772,0.0,0.859711130228,0.0,0.0,0.0,2,0.459711130228
6.73420286179,0.0,0.0,-0.0,-0.986511230469,0.0967491449226,0.130600271247,-0.179257512272,1.0,0.0444772935031,0.0600392551321,-0.0824078496233,-0.0732768745954,7.9116763693,5.34218115562,4.04405016287,1.01598364585,0.140282309072,0.0,0.859717690928,0.0,0.0,0.0,2,0.459717690928
6.7755420208,0.0,0.0,-0.0,-0.924987792969,0.0902961919581,0.131771696509,-0.180935327502,1.0,0.041511189192,0.0605784109533,-0.0831800372593,-0.0400276331503,7.91510626726,5.34718649928,4.03717734026,1.01432998692,0.140277521213,0.0,0.859722478787,0.0,0.0,0.0,2,0.459722478787
6.81407904625,0.0,0.0,-0.0,-0.914245605469,0.0834575489998,0.131793065792,-0.18132886225,1.0,0.03836754824,0.0605886090602,-0.0833614688313,-0.034218436073,7.9180616533,5.35185353529,4.03075615015,1.01301209338,0.140274682161,0.0,0.859725317839,0.0,0.0,0.0,2,0.459725317839
6.85542201996,0.0,0.0,-0.0,-0.914245605469,0.0767978793515,0.131855192948,-0.181531910488,1.0,0.0353061033172,0.0606174689254,-0.0834552261231,-0.0342141034026,7.92097858129,5.35686164368,4.02386122654,1.01159873893,0.140272418778,0.0,0.859727581222,0.0,0.0,0.0,2,0.459727581222
6.89467906952,0.0,0.0,-0.0,-0.915344238281,0.0698849749476,0.130904900704,-0.180571732859,1.0,0.0321282201842,0.0601809112211,-0.0830142444305,-0.0348030137608,7.92350019568,5.36158500061,4.0173457734,1.01023296486,0.140269990678,0.0,0.859730009322,0.0,0.0,0.0,2,0.459730009322
6.93704199791,0.0,0.0,-0.0,-0.919860839844,0.0631152227118,0.129909399943,-0.179339480384,1.0,0.0290161100645,0.0597235545594,-0.0824481619196,-0.0372386919075,7.92595728221,5.36664239601,4.01036405642,1.00865627715,0.140267643561,0.0,0.859732356439,0.0,0.0,0.0,2,0.459732356439
6.97443604469,0.0,0.0,-0.0,-0.919860839844,0.0561642896774,0.127907101941,-0.176942792374,1.0,0.0258206934745,0.0588033800731,-0.0813468064968,-0.0372334881208,7.92788665125,5.3710362912,4.00428567554,1.00726520027,0.140264933059,0.0,0.859735066941,0.0,0.0,0.0,2,0.459735066941
7.01588106155,0.0,0.0,-0.0,-0.919860839844,0.0495481372385,0.126460664753,-0.174841602377,1.0,0.0227791347211,0.0581387046996,-0.0803812340358,-0.0372288953555,7.92977377175,5.37585274901,3.9976265519,1.00572310018,0.14026254082,0.0,0.85973745918,0.0,0.0,0.0,2,0.45973745918
7.05419397354,0.0,0.0,-0.0,-0.919860839844,0.0427855212851,0.123898737833,-0.171493757257,1.0,0.019670220349,0.0569612196124,-0.0788425591745,-0.0372238022454,7.93128004312,5.38021462463,3.99158908572,1.00429787091,0.140259887967,0.0,0.859740112033,0.0,0.0,0.0,2,0.459740112033
7.10028886795,0.0,0.0,-0.0,-0.906311035156,0.0362531273186,0.121582496644,-0.168163822984,1.0,0.016667105731,0.0558966488269,-0.0773120672647,-0.0298987107821,7.93281511774,5.38536282062,3.98446848578,1.00292100462,0.140257435323,0.0,0.859742564677,0.0,0.0,0.0,2,0.459742564677
7.13880085945,0.0,0.0,-0.0,-0.873840332031,0.0295384226466,0.117571955302,-0.163038694946,1.0,0.0135801401955,0.0540531109318,-0.0749562141876,-0.0123517306446,7.93386084226,5.38952512399,3.97869656077,1.00244543856,0.140255065141,0.0,0.859744934859,0.0,0.0,0.0,2,0.459744934859
7.17792892456,0.0,0.0,-0.0,-0.809387207031,0.0232084956255,0.114624022556,-0.158685049345,1.0,0.0106700073134,0.0526979076411,-0.0729547776104,0.0224708781811,7.93469528116,5.39364631932,3.97299119404,1.00332409658,0.140254246311,0.0,0.859745753689,0.0,0.0,0.0,2,0.459745753689
7.21722602844,0.0,0.0,-0.0,-0.701843261719,0.0170064103244,0.111325632324,-0.153827425344,1.0,0.00781859920478,0.051181318324,-0.0707212728923,0.0805693767468,7.93530928938,5.39766567741,3.96743732927,1.00648772333,0.140255759114,0.0,0.859744240886,0.0,0.0,0.0,2,0.459744240886
7.25739192963,0.0,0.0,-0.0,-0.527160644531,0.0109633548908,0.10777806215,-0.148565916837,1.0,0.00504027958356,0.0495497565868,-0.0683015158143,0.174934352315,7.93571398464,5.40164413761,3.96195324861,1.01351065751,0.140261203456,0.0,0.859738796544,0.0,0.0,0.0,2,0.459738796544
7.26946997643,0.0,0.0,-0.0,-0.0,0.00508914288544,0.103893992794,-0.142825784359,1.0,0.0,0.0,0.0,0.0,7.93571398464,5.40164413761,3.96195324861,1.01351065751,0.0,0.0,0.0,0.0,0.0,0.0,2,0
7.28121995926,0.0,0.0,-0.0,-0.0,-0.000380373858065,0.105977613737,-0.142569732549,1.0,0.0,0.0,0.0,0.0,7.93571398464,5.40164413761,3.96195324861,1.01351065751,0.0,0.0,0.0,0.0,0.0,0.0,2,0
7.29519987106,0.0,0.0,-0.0,-0.0,-0.00584989060157,0.108061234679,-0.142313680739,1.0,0.0,0.0,0.0,0.0,7.93571398464,5.40164413761,3.96195324861,1.01351065751,0.0,0.0,0.0,0.0,0.0,0.0,2,0
7.31165003777,0.0,0.0,-0.0,-0.0,-0.0113194073451,0.110144855621,-0.142057628929,1.0,0.0,0.0,0.0,0.0,7.93571398464,5.40164413761,3.96195324861,1.01351065751,0.0,0.0,0.0,0.0,0.0,0.0,2,0
7.32632398605,0.0,0.0,-0.0,-0.0,-0.0167889240886,0.112228476563,-0.141801577119,1.0,0.0,0.0,0.0,0.0,7.93571398464,5.40164413761,3.96195324861,1.01351065751,0.0,0.0,0.0,0.0,0.0,0.0,2,0
7.3427438736,0.0,0.0,-0.0,-0.0,-0.0222584408321,0.114312097506,-0.141545525309,1.0,0.0,0.0,0.0,0.0,7.93571398464,5.40164413761,3.96195324861,1.01351065751,0.0,0.0,0.0,0.0,0.0,0.0,2,0
7.36005997658,0.0,0.0,-0.0,-0.0,-0.0277279575756,0.116395718448,-0.141289473498,1.0,0.0,0.0,0.0,0.0,7.93571398464,5.40164413761,3.96195324861,1.01351065751,0.0,0.0,0.0,0.0,0.0,0.0,2,0
7.37602996826,0.0,0.0,-0.0,-0.0,-0.0331974743191,0.11847933939,-0.141033421688,1.0,0.0,0.0,0.0,0.0,7.93571398464,5.40164413761,3.96195324861,1.01351065751,0.0,0.0,0.0,0.0,0.0,0.0,2,0
7.39416193962,0.0,0.0,-0.0,-0.0,-0.0386669910626,0.120562960333,-0.140777369878,1.0,0.0,0.0,0.0,0.0,7.93571398464,5.40164413761,3.96195324861,1.01351065751,0.0,0.0,0.0,0.0,0.0,0.0,2,0
7.40915393829,0.0,0.0,-0.0,-0.0,-0.0441365078061,0.122646581275,-0.140521318068,1.0,0.0,0.0,0.0,0.0,7.93571398464,5.40164413761,3.96195324861,1.01351065751,0.0,0.0,0.0,0.0,0.0,0.0,2,0
7.42521095276,0.0,0.0,-0.0,-0.0,-0.0496060245496,0.124730202217,-0.140265266258,1.0,0.0,0.0,0.0,0.0,7.93571398464,5.40164413761,3.96195324861,1.01351065751,0.0,0.0,0.0,0.0,0.0,0.0,2,0
7.44170498848,0.0,0.0,-0.0,-0.0,-0.0550755412932,0.12681382316,-0.140009214447,1.0,0.0,0.0,0.0,0.0,7.93571398464,5.40164413761,3.96195324861,1.01351065751,0.0,0.0,0.0,0.0,0.0,0.0,2,0
7.45856404305,0.0,0.0,-0.0,-0.0,-0.0605450580367,0.128897444102,-0.139753162637,1.0,0.0,0.0,0.0,0.0,7.93571398464,5.40164413761,3.96195324861,1.01351065751,0.0,0.0,0.0,0.0,0.0,0.0,2,0
7.47491502762,0.0,0.0,-0.0,-0.0,-0.0660145747802,0.130981065044,-0.139497110827,1.0,0.0,0.0,0.0,0.0,7.93571398464,5.40164413761,3.96195324861,1.01351065751,0.0,0.0,0.0,0.0,0.0,0.0,2,0
7.49160385132,0.0,0.0,-0.0,-0.0,-0.0714840915237,0.133064685986,-0.139241059017,1.0,0.0,0.0,0.0,0.0,7.93571398464,5.40164413761,3.96195324861,1.01351065751,0.0,0.0,0.0,0.0,0.0,0.0,2,0
7.50788593292,0.0,0.0,-0.0,-0.0,-0.0769536082672,0.135148306929,-0.138985007207,1.0,0.0,0.0,0.0,0.0,7.93571398464,5.40164413761,3.96195324861,1.01351065751,0.0,0.0,0.0,0.0,0.0,0.0,2,0
7.52459287643,0.0,0.0,-0.0,-0.0,-0.0824231250107,0.137231927871,-0.138728955397,1.0,0.0,0.0,0.0,0.0,7.93571398464,5.40164413761,3.96195324861,1.01351065751,0.0,0.0,0.0,0.0,0.0,0.0,2,0
7.54023003578,0.0,0.0,-0.0,-0.0,-0.0878926417542,0.139315548813,-0.138472903586,1.0,0.0,0.0,0.0,0.0,7.93571398464,5.40164413761,3.96195324861,1.01351065751,0.0,0.0,0.0,0.0,0.0,0.0,2,0
7.55748486519,0.0,0.0,-0.0,-0.0,-0.0933621584977,0.141399169756,-0.138216851776,1.0,0.0,0.0,0.0,0.0,7.93571398464,5.40164413761,3.96195324861,1.01351065751,0.0,0.0,0.0,0.0,0.0,0.0,2,0
7.57352185249,0.0,0.0,-0.0,-0.0,-0.0988316752412,0.143482790698,-0.137960799966,1.0,0.0,0.0,0.0,0.0,7.93571398464,5.40164413761,3.96195324861,1.01351065751,0.0,0.0,0.0,0.0,0.0,0.0,2,0
7.58955597878,0.0,0.0,-0.0,-0.0,-0.104301191985,0.14556641164,-0.137704748156,1.0,0.0,0.0,0.0,0.0,7.93571398464,5.40164413761,3.96195324861,1.01351065751,0.0,0.0,0.0,0.0,0.0,0.0,2,0
7.60698485374,0.0,0.0,-0.0,-0.0,-0.109770708728,0.147650032583,-0.137448696346,1.0,0.0,0.0,0.0,0.0,7.93571398464,5.40164413761,3.96195324861,1.01351065751,0.0,0.0,0.0,0.0,0.0,0.0,2,0
7.62317895889,0.0,0.0,-0.0,-0.0,-0.115240225472,0.149733653525,-0.137192644536,1.0,0.0,0.0,0.0,0.0,7.93571398464,5.40164413761,3.96195324861,1.01351065751,0.0,0.0,0.0,0.0,0.0,0.0,2,0
7.63941597939,0.0,0.0,-0.0,-0.0,-0.120709742215,0.151817274467,-0.136936592725,1.0,0.0,0.0,0.0,0.0,7.93571398464,5.40164413761,3.96195324861,1.01351065751,0.0,0.0,0.0,0.0,0.0,0.0,2,0
7.65571308136,0.0,0.0,-0.0,-0.0,-0.126179258959,0.153900895409,-0.136680540915,1.0,0.0,0.0,0.0,0.0,7.93571398464,5.40164413761,3.96195324861,1.01351065751,0.0,0.0,0.0,0.0,0.0,0.0,2,0
7.67212486267,0.0,0.0,-0.0,-0.0,-0.131648775702,0.155984516352,-0.136424489105,1.0,0.0,0.0,0.0,0.0,7.93571398464,5.40164413761,3.96195324861,1.01351065751,0.0,0.0,0.0,0.0,0.0,0.0,2,0
7.68898200989,0.0,0.0,-0.0,-0.0,-0.137118292446,0.158068137294,-0.136168437295,1.0,0.0,0.0,0.0,0.0,7.93571398464,5.40164413761,3.96195324861,1.01351065751,0.0,0.0,0.0,0.0,0.0,0.0,2,0
7.70526385307,0.0,0.0,-0.0,-0.0,-0.142587809189,0.160151758236,-0.135912385485,1.0,0.0,0.0,0.0,0.0,7.93571398464,5.40164413761,3.96195324861,1.01351065751,0.0,0.0,0.0,0.0,0.0,0.0,2,0
7.72214388847,0.0,0.0,-0.0,-0.0,-0.148057325933,0.162235379179,-0.135656333674,1.0,0.0,0.0,0.0,0.0,7.93571398464,5.40164413761,3.96195324861,1.01351065751,0.0,0.0,0.0,0.0,0.0,0.0,2,0
7.73766803741,0.0,0.0,-0.0,-0.0,-0.153526842676,0.164319000121,-0.135400281864,1.0,0.0,0.0,0.0,0.0,7.93571398464,5.40164413761,3.96195324861,1.01351065751,0.0,0.0,0.0,0.0,0.0,0.0,2,0
7.75444698334,0.0,0.0,-0.0,-0.0,-0.15899635942,0.166402621063,-0.135144230054,1.0,0.0,0.0,0.0,0.0,7.93571398464,5.40164413761,3.96195324861,1.01351065751,0.0,0.0,0.0,0.0,0.0,0.0,2,0
7.77041196823,0.0,0.0,-0.0,-0.0,-0.164465876163,0.168486242005,-0.134888178244,1.0,0.0,0.0,0.0,0.0,7.93571398464,5.40164413761,3.96195324861,1.01351065751,0.0,0.0,0.0,0.0,0.0,0.0,2,0
7.78696489334,0.0,0.0,-0.0,-0.0,-0.169935392907,0.170569862948,-0.134632126434,1.0,0.0,0.0,0.0,0.0,7.93571398464,5.40164413761,3.96195324861,1.01351065751,0.0,0.0,0.0,0.0,0.0,0.0,2,0
7.80508685112,0.0,0.0,-0.0,-0.0,-0.17540490965,0.17265348389,-0.134376074624,1.0,0.0,0.0,0.0,0.0,7.93571398464,5.40164413761,3.96195324861,1.01351065751,0.0,0.0,0.0,0.0,0.0,0.0,2,0
7.82048892975,0.0,0.0,-0.0,-0.0,-0.180874426394,0.174737104832,-0.134120022813,1.0,0.0,0.0,0.0,0.0,7.93571398464,5.40164413761,3.96195324861,1.01351065751,0.0,0.0,0.0,0.0,0.0,0.0,2,0
7.83638906479,0.0,0.0,-0.0,-0.0,-0.186343943137,0.176820725775,-0.133863971003,1.0,0.0,0.0,0.0,0.0,7.93571398464,5.40164413761,3.96195324861,1.01351065751,0.0,0.0,0.0,0.0,0.0,0.0,2,0
7.85249590874,0.0,0.0,-0.0,-0.0,-0.191813459881,0.178904346717,-0.133607919193,1.0,0.0,0.0,0.0,0.0,7.93571398464,5.40164413761,3.96195324861,1.01351065751,0.0,0.0,0.0,0.0,0.0,0.0,2,0
7.86976504326,0.0,0.0,-0.0,-0.0,-0.197282976624,0.180987967659,-0.133351867383,1.0,0.0,0.0,0.0,0.0,7.93571398464,5.40164413761,3.96195324861,1.01351065751,0.0,0.0,0.0,0.0,0.0,0.0,2,0
7.88536500931,0.0,0.0,-0.0,-0.0,-0.202752493368,0.183071588602,-0.133095815573,1.0,0.0,0.0,0.0,0.0,7.93571398464,5.40164413761,3.96195324861,1.01351065751,0.0,0.0,0.0,0.0,0.0,0.0,2,0
7.9020049572,0.0,0.0,-0.0,-0.0,-0.208222010111,0.185155209544,-0.132839763762,1.0,0.0,0.0,0.0,0.0,7.93571398464,5.40164413761,3.96195324861,1.01351065751,0.0,0.0,0.0,0.0,0.0,0.0,2,0
7.91882395744,0.0,0.0,-0.0,-0.0,-0.213691526855,0.187238830486,-0.132583711952,1.0,0.0,0.0,0.0,0.0,7.93571398464,5.40164413761,3.96195324861,1.01351065751,0.0,0.0,0.0,0.0,0.0,0.0,2,0
7.95088005066,0.0,0.0,-0.0,-0.0,-0.219161043598,0.189322451428,-0.132327660142,1.0,0.0,0.0,0.0,0.0,7.93571398464,5.40164413761,3.96195324861,1.01351065751,0.0,0.0,0.0,0.0,0.0,0.0,2,0
7.96608996391,0.0,0.0,-0.0,-0.0,-0.224630560342,0.191406072371,-0.132071608332,1.0,0.0,0.0,0.0,0.0,7.93571398464,5.40164413761,3.96195324861,1.01351065751,0.0,0.0,0.0,0.0,0.0,0.0,2,0
7.98390102386,0.0,0.0,-0.0,-0.0,-0.230100077085,0.193489693313,-0.131815556522,1.0,0.0,0.0,0.0,0.0,7.93571398464,5.40164413761,3.96195324861,1.01351065751,0.0,0.0,0.0,0.0,0.0,0.0,2,0
8.0015039444,0.0,0.0,-0.0,-0.0,-0.235569593829,0.195573314255,-0.131559504712,1.0,0.0,0.0,0.0,0.0,7.93571398464,5.40164413761,3.96195324861,1.01351065751,0.0,0.0,0.0,0.0,0.0,0.0,2,0
8.01750087738,0.0,0.0,-0.0,-0.0,-0.241039110572,0.197656935198,-0.131303452901,1.0,0.0,0.0,0.0,0.0,7.93571398464,5.40164413761,3.96195324861,1.01351065751,0.0,0.0,0.0,0.0,0.0,0.0,2,0
8.03414297104,0.0,0.0,-0.0,-0.0,-0.246508627316,0.19974055614,-0.131047401091,1.0,0.0,0.0,0.0,0.0,7.93571398464,5.40164413761,3.96195324861,1.01351065751,0.0,0.0,0.0,0.0,0.0,0.0,2,0
8.05055403709,0.0,0.0,-0.0,-0.0,-0.251978144059,0.201824177082,-0.130791349281,1.0,0.0,0.0,0.0,0.0,7.93571398464,5.40164413761,3.96195324861,1.01351065751,0.0,0.0,0.0,0.0,0.0,0.0,2,0
8.06676006317,0.0,0.0,-0.0,-0.0,-0.257447660803,0.203907798025,-0.130535297471,1.0,0.0,0.0,0.0,0.0,7.93571398464,5.40164413761,3.96195324861,1.01351065751,0.0,0.0,0.0,0.0,0.0,0.0,2,0
8.08376002312,0.0,0.0,-0.0,-0.0,-0.262917177546,0.205991418967,-0.130279245661,1.0,0.0,0.0,0.0,0.0,7.93571398464,5.40164413761,3.96195324861,1.01351065751,0.0,0.0,0.0,0.0,0.0,0.0,2,0
8.09967398643,0.0,0.0,-0.0,-0.0,-0.26838669429,0.208075039909,-0.13002319385,1.0,0.0,0.0,0.0,0.0,7.93571398464,5.40164413761,3.96195324861,1.01351065751,0.0,0.0,0.0,0.0,0.0,0.0,2,0
8.11596488953,0.0,0.0,-0.0,-0.0,-0.273856211034,0.210158660851,-0.12976714204,1.0,0.0,0.0,0.0,0.0,7.93571398464,5.40164413761,3.96195324861,1.01351065751,0.0,0.0,0.0,0.0,0.0,0.0,2,0
8.13194704056,0.0,0.0,-0.0,-0.0,-0.279325727777,0.212242281794,-0.12951109023,1.0,0.0,0.0,0.0,0.0,7.93571398464,5.40164413761,3.96195324861,1.01351065751,0.0,0.0,0.0,0.0,0.0,0.0,2,0
8.14912700653,0.0,0.0,-0.0,-0.0,-0.284795244521,0.214325902736,-0.12925503842,1.0,0.0,0.0,0.0,0.0,7.93571398464,5.40164413761,3.96195324861,1.01351065751,0.0,0.0,0.0,0.0,0.0,0.0,2,0
8.16535186768,0.0,0.0,-0.0,-0.0,-0.290264761264,0.216409523678,-0.12899898661,1.0,0.0,0.0,0.0,0.0,7.93571398464,5.40164413761,3.96195324861,1.01351065751,0.0,0.0,0.0,0.0,0.0,0.0,2,0
8.18162798882,0.0,0.0,-0.0,-0.0,-0.295734278008,0.218493144621,-0.1287429348,1.0,0.0,0.0,0.0,0.0,7.93571398464,5.40164413761,3.96195324861,1.01351065751,0.0,0.0,0.0,0.0,0.0,0.0,2,0
8.19766902924,0.0,0.0,-0.0,-0.0,-0.301203794751,0.220576765563,-0.128486882989,1.0,0.0,0.0,0.0,0.0,7.93571398464,5.40164413761,3.96195324861,1.01351065751,0.0,0.0,0.0,0.0,0.0,0.0,2,0
8.21441292763,0.0,0.0,-0.0,-0.0,-0.306673311495,0.222660386505,-0.128230831179,1.0,0.0,0.0,0.0,0.0,7.93571398464,5.40164413761,3.96195324861,1.01351065751,0.0,0.0,0.0,0.0,0.0,0.0,2,0
8.23112106323,0.0,0.0,-0.0,-0.0,-0.312142828238,0.224744007448,-0.127974779369,1.0,0.0,0.0,0.0,0.0,7.93571398464,5.40164413761,3.96195324861,1.01351065751,0.0,0.0,0.0,0.0,0.0,0.0,2,0
8.24755787849,0.0,0.0,-0.0,-0.0,-0.317612344982,0.22682762839,-0.127718727559,1.0,0.0,0.0,0.0,0.0,7.93571398464,5.40164413761,3.96195324861,1.01351065751,0.0,0.0,0.0,0.0,0.0,0.0,2,0
8.26377296448,0.0,0.0,-0.0,-0.0,-0.323081861725,0.228911249332,-0.127462675749,1.0,0.0,0.0,0.0,0.0,7.93571398464,5.40164413761,3.96195324861,1.01351065751,0.0,0.0,0.0,0.0,0.0,0.0,2,0
8.2801258564,0.0,0.0,-0.0,-0.0,-0.328551378469,0.230994870274,-0.127206623939,1.0,0.0,0.0,0.0,0.0,7.93571398464,5.40164413761,3.96195324861,1.01351065751,0.0,0.0,0.0,0.0,0.0,0.0,2,0
8.29762387276,0.0,0.0,-0.0,-0.0,-0.334020895212,0.233078491217,-0.126950572128,1.0,0.0,0.0,0.0,0.0,7.93571398464,5.40164413761,3.96195324861,1.01351065751,0.0,0.0,0.0,0.0,0.0,0.0,2,0
8.31283688545,0.0,0.0,-0.0,-0.0,-0.339490411956,0.235162112159,-0.126694520318,1.0,0.0,0.0,0.0,0.0,7.93571398464,5.40164413761,3.96195324861,1.01351065751,0.0,0.0,0.0,0.0,0.0,0.0,2,0
8.32931995392,0.0,0.0,-0.0,-0.0,-0.344959928699,0.237245733101,-0.126438468508,1.0,0.0,0.0,0.0,0.0,7.93571398464,5.40164413761,3.96195324861,1.01351065751,0.0,0.0,0.0,0.0,0.0,0.0,2,0
8.34551906586,0.0,0.0,-0.0,-0.0,-0.350429445443,0.239329354044,-0.126182416698,1.0,0.0,0.0,0.0,0.0,7.93571398464,5.40164413761,3.96195324861,1.01351065751,0.0,0.0,0.0,0.0,0.0,0.0,2,0
8.36296987534,0.0,0.0,-0.0,-0.0,-0.355898962186,0.241412974986,-0.125926364888,1.0,0.0,0.0,0.0,0.0,7.93571398464,5.40164413761,3.96195324861,1.01351065751,0.0,0.0,0.0,0.0,0.0,0.0,2,0
8.3796210289,0.0,0.0,-0.0,-0.0,-0.36136847893,0.243496595928,-0.125670313077,1.0,0.0,0.0,0.0,0.0,7.93571398464,5.40164413761,3.96195324861,1.01351065751,0.0,0.0,0.0,0.0,0.0,0.0,2,0
8.40692996979,0.0,0.0,-0.0,-0.0,-0.366837995673,0.24558021687,-0.125414261267,1.0,0.0,0.0,0.0,0.0,7.93571398464,5.40164413761,3.96195324861,1.01351065751,0.0,0.0,0.0,0.0,0.0,0.0,2,0
8.41907095909,0.0,0.0,-0.0,-0.0,-0.372307512417,0.247663837813,-0.125158209457,1.0,0.0,0.0,0.0,0.0,7.93571398464,5.40164413761,3.96195324861,1.01351065751,0.0,0.0,0.0,0.0,0.0,0.0,2,0
8.43162798882,0.0,0.0,-0.0,-0.0,-0.37777702916,0.249747458755,-0.124902157647,1.0,0.0,0.0,0.0,0.0,7.93571398464,5.40164413761,3.96195324861,1.01351065751,0.0,0.0,0.0,0.0,0.0,0.0,2,0
8.44552588463,0.0,0.0,-0.0,-0.0,-0.383246545904,0.251831079697,-0.124646105837,1.0,0.0,0.0,0.0,0.0,7.93571398464,5.40164413761,3.96195324861,1.01351065751,0.0,0.0,0.0,0.0,0.0,0.0,2,0
8.46280908585,0.0,0.0,-0.0,-0.0,-0.388716062647,0.25391470064,-0.124390054027,1.0,0.0,0.0,0.0,0.0,7.93571398464,5.40164413761,3.96195324861,1.01351065751,0.0,0.0,0.0,0.0,0.0,0.0,2,0
8.50862193108,0.0,0.0,-0.0,-0.0,-0.394185579391,0.255998321582,-0.124134002216,1.0,0.0,0.0,0.0,0.0,7.93571398464,5.40164413761,3.96195324861,1.01351065751,0.0,0.0,0.0,0.0,0.0,0.0,2,0
